City_ID,City,Lat,Lng,Max Temp,Humidity,Cloudiness,Wind Speed,Country,Date
0,buala,-8.145,159.5921,26.810000000000002,81,88,1.89,SB,1697659962
1,pacific grove,36.6177,-121.9166,32.99000000000001,42,0,2.57,US,1697659483
2,port-aux-francais,-49.35,70.2167,3.5300000000000296,96,100,8.63,TF,1697659449
3,invercargill,-46.4,168.35,11.120000000000005,85,100,2.24,NZ,1697659448
4,georgetown,5.4112,100.3354,26.680000000000007,95,40,1.54,MY,1697659243
5,novofedorivka,46.1713,32.3178,11.080000000000041,60,2,2.79,UA,1697659965
6,constantia,44.1833,28.65,9.379999999999995,75,5,3.09,RO,1697659235
7,kota tinggi,1.7381,103.8999,26.02000000000004,91,100,0.54,MY,1697659463
8,puerto ayora,-0.7393,-90.3518,29.980000000000018,91,89,2.68,EC,1697659287
9,olonkinbyen,70.9221,-8.7187,3.3799999999999955,88,100,10.68,SJ,1697659254
10,darwin,-12.4611,130.8418,24.99000000000001,88,47,2.06,AU,1697659884
11,midvagur,62.0511,-7.1939,8.460000000000036,93,100,11.83,FO,1697659968
12,martapura,-3.4167,114.85,26.05000000000001,100,100,0.0,ID,1697659969
13,adamstown,-25.066,-130.1015,22.350000000000023,80,100,2.27,PN,1697659253
14,port saint john's,-31.6229,29.5448,19.33000000000004,79,17,3.72,ZA,1697659970
15,kailua-kona,19.6406,-155.9956,28.610000000000014,72,40,4.12,US,1697659482
16,belmonte,-15.8631,-38.8828,25.57000000000005,71,96,4.31,BR,1697659324
17,shamakhi,40.6314,48.6414,10.650000000000034,81,100,2.1,AZ,1697659972
18,christchurch,-43.5333,172.6333,12.400000000000034,86,100,0.89,NZ,1697659821
19,waitangi,-43.9535,-176.5597,12.680000000000007,80,100,4.92,NZ,1697659448
20,mendi,-6.1761,143.6513,12.240000000000009,98,88,0.74,PG,1697659973
21,edinburgh of the seven seas,-37.0676,-12.3116,12.610000000000014,91,100,12.44,SH,1697659448
22,utrik,11.2278,169.8474,28.210000000000036,77,30,7.74,MH,1697659454
23,saipan,15.1355,145.701,27.390000000000043,89,20,4.12,MP,1697659453
24,albany,42.6001,-73.9662,15.490000000000009,67,100,0.92,US,1697659910
25,fort bragg,35.139,-79.006,22.680000000000007,45,40,4.12,US,1697659451
26,ushuaia,-54.8,-68.3,15.810000000000002,42,0,7.2,AR,1697659292
27,port-vila,-17.7338,168.3219,24.78000000000003,88,100,1.03,VU,1697659977
28,zhaotong,27.3167,103.7167,13.560000000000002,86,93,1.71,CN,1697659826
29,margate,51.3813,1.3862,16.610000000000014,95,100,3.13,GB,1697659463
30,blackmans bay,-43.0167,147.3167,8.620000000000005,92,84,1.02,AU,1697659449
31,san mariano,7.5,126.0,22.980000000000018,96,99,0.58,PH,1697659979
32,kashgar,39.4547,75.9797,12.800000000000011,30,89,2.5,CN,1697659979
33,grytviken,-54.2811,-36.5092,3.2100000000000364,92,100,4.15,GS,1697659158
34,badger,64.8,-147.5333,-1.0699999999999932,86,100,1.54,US,1697659462
35,ronne,55.1009,14.7066,7.9500000000000455,76,40,4.63,DK,1697659981
36,mena,51.5217,32.2157,6.7900000000000205,65,100,4.16,UA,1697659981
37,bilibino,68.0546,166.4372,-17.799999999999983,100,98,0.79,RU,1697659451
38,manta,-0.95,-80.7333,27.879999999999995,78,20,5.66,EC,1697659746
39,margaret river,-33.95,115.0667,9.710000000000036,91,31,3.39,AU,1697659453
40,nenjiang,49.1833,125.2167,1.3500000000000227,78,48,3.52,CN,1697659983
41,ivdel',60.6911,60.4206,6.1299999999999955,64,100,5.81,RU,1697659459
42,namibe,-15.1961,12.1522,18.32000000000005,85,2,2.37,AO,1697659466
43,howard springs,-12.497,131.047,24.950000000000045,79,27,1.06,AU,1697659985
44,waterloo,43.4668,-80.5164,13.660000000000025,80,100,3.58,CA,1697659789
45,enewetak,11.3474,162.3373,28.460000000000036,78,14,7.92,MH,1697659258
46,talnakh,69.4865,88.3972,2.340000000000032,96,100,5.55,RU,1697659396
47,iskateley,67.6803,53.1512,1.1200000000000045,89,100,4.02,RU,1697659459
48,eyl,7.9803,49.8164,27.170000000000016,79,93,3.36,SO,1697659988
49,wuda,39.4994,106.7117,9.910000000000025,42,100,5.42,CN,1697659989
50,nizhniy odes,63.6445,54.856,1.0900000000000318,97,100,3.76,RU,1697659989
51,troitskoye,52.9821,84.6757,7.5,91,5,2.17,RU,1697659990
52,port mathurin,-19.6833,63.4167,23.74000000000001,81,41,4.59,MU,1697659451
53,aasiaat,68.7098,-52.8699,-15.169999999999959,94,70,3.25,GL,1697659461
54,naze,28.3667,129.4833,16.510000000000048,60,0,0.59,JP,1697659473
55,bredasdorp,-34.5322,20.0403,16.08000000000004,95,53,4.6,ZA,1697659449
56,avarua,-21.2078,-159.775,22.03000000000003,64,75,4.12,CK,1697659279
57,alesund,62.4723,6.1549,5.420000000000016,70,0,5.14,NO,1697659994
58,kuybyshev,55.4475,78.3218,7.920000000000016,62,24,4.31,RU,1697659994
59,cabo san lucas,22.8909,-109.9124,35.34000000000003,64,40,2.57,MX,1697659995
60,safranbolu,41.2508,32.6942,11.680000000000007,92,99,0.62,TR,1697659995
61,portage la prairie,49.9728,-98.2926,15.050000000000011,67,75,7.2,CA,1697659996
62,la'ie,21.6477,-157.9253,28.980000000000018,68,2,3.13,US,1697659315
63,fukuecho,32.6881,128.8419,20.310000000000002,64,4,3.26,JP,1697659997
64,hermanus,-34.4187,19.2345,16.700000000000045,88,42,7.88,ZA,1697659448
65,dudinka,69.4058,86.1778,2.57000000000005,98,100,2.68,RU,1697659475
66,honfleur,49.4198,0.2329,16.510000000000048,85,75,8.75,FR,1697659998
67,jamestown,42.097,-79.2353,13.170000000000016,59,20,4.12,US,1697659190
68,anadyr,64.75,177.4833,-10.71999999999997,78,0,5.0,RU,1697659470
69,tangalle,6.024,80.7911,24.230000000000018,91,100,4.39,LK,1697660000
70,kangavar,34.5043,47.9653,13.78000000000003,35,2,1.66,IR,1697660000
71,kapuskasing,49.4169,-82.4331,12.050000000000011,58,75,6.69,CA,1697659462
72,vorgashor,67.5833,63.95,0.36000000000001364,83,45,6.08,RU,1697659449
73,klyuchi,52.2667,79.1667,8.350000000000023,44,0,3.83,RU,1697659460
74,basco,20.4487,121.9702,27.27000000000004,68,99,7.4,PH,1697660002
75,papatowai,-46.5619,169.4708,10.490000000000009,71,100,4.3,NZ,1697659453
76,south hedland,-20.4089,118.5983,22.960000000000036,31,0,4.12,AU,1697660003
77,vadso,70.0744,29.7487,0.4900000000000091,86,75,8.75,NO,1697659267
78,yellowknife,62.456,-114.3525,7.4500000000000455,94,100,6.71,CA,1697659451
79,iqaluit,63.7506,-68.5145,-1.1499999999999773,92,100,4.63,CA,1697659259
80,lompoc,34.6391,-120.4579,34.32000000000005,57,0,2.57,US,1697659205
81,bethel,41.3712,-73.414,17.600000000000023,66,100,0.0,US,1697659152
82,lower hutt,-41.2167,174.9167,15.450000000000045,84,40,10.29,NZ,1697659711
83,chibougamau,49.9168,-74.3659,12.79000000000002,50,75,7.2,CA,1697660007
84,verkhniye tatyshly,56.2912,55.8575,4.0,76,100,7.36,RU,1697660008
85,al bawiti,28.3492,28.8659,22.640000000000043,45,0,3.53,EG,1697660008
86,prince rupert,54.3161,-130.3201,13.050000000000011,90,100,16.46,CA,1697660009
87,isafjordur,66.0755,-23.124,6.32000000000005,80,100,4.08,IS,1697659448
88,wailua homesteads,22.0669,-159.378,27.439999999999998,68,40,4.12,US,1697659450
89,puerto natales,-51.7236,-72.4875,16.25,44,100,7.72,CL,1697659392
90,katpur,21.05,71.7833,28.410000000000025,54,0,3.17,IN,1697660011
91,port lincoln,-34.7333,135.8667,14.53000000000003,34,10,3.51,AU,1697659249
92,tura,25.5198,90.2201,19.890000000000043,89,0,1.27,IN,1697659476
93,luau,-10.7073,22.2247,22.25,65,12,1.83,AO,1697660013
94,tchibanga,-2.85,11.0333,22.939999999999998,97,100,1.55,GA,1697659908
95,arraial do cabo,-22.9661,-42.0278,23.980000000000018,83,75,6.17,BR,1697659477
96,greensboro,36.0726,-79.792,20.660000000000025,55,40,2.57,US,1697659919
97,ingeniero guillermo n. juarez,-23.9,-61.85,27.560000000000002,50,64,1.82,AR,1697659884
98,port blair,11.6667,92.75,25.02000000000004,88,40,1.03,IN,1697659206
99,hawaiian paradise park,19.5933,-154.9731,28.350000000000023,75,20,3.6,US,1697659458
100,taroa,8.7058,171.2275,27.390000000000043,78,89,4.99,MH,1697659478
101,kisangani,0.5167,25.2,22.55000000000001,98,100,1.07,CD,1697660017
102,praya,14.9215,-23.5087,27.30000000000001,78,20,5.66,CV,1697660018
103,college,64.8569,-147.8028,-1.6299999999999955,89,100,5.14,US,1697659202
104,carnarvon,-24.8667,113.6333,22.57000000000005,69,89,10.67,AU,1697659212
105,port alfred,-33.5906,26.891,18.430000000000007,95,90,1.79,ZA,1697659358
106,nemuro,43.3236,145.575,14.590000000000032,82,100,9.58,JP,1697659309
107,makubetsu,45.3714,141.8211,12.120000000000005,87,100,8.05,JP,1697660021
108,thompson,55.7435,-97.8558,8.090000000000032,53,40,2.57,CA,1697659357
109,santa cruz,-17.8,-63.1667,35.920000000000016,29,85,5.15,BO,1697660022
110,brisas de zicatela,15.8369,-97.0419,31.29000000000002,55,20,5.14,MX,1697660023
111,orillia,44.6087,-79.4207,14.210000000000036,62,87,3.09,CA,1697660023
112,kodiak,57.79,-152.4072,8.730000000000018,43,0,11.83,US,1697659455
113,st. john's,47.5649,-52.7093,8.970000000000027,73,75,7.72,CA,1697659225
114,gulf shores,30.246,-87.7008,24.600000000000023,64,40,3.6,US,1697659774
115,tulun,54.5611,100.5792,4.07000000000005,95,100,1.74,RU,1697660025
116,hargeysa,9.56,44.065,21.5,76,9,3.97,SO,1697660026
117,alofi,-19.0595,-169.9187,23.939999999999998,64,100,7.2,NU,1697659451
118,lebu,-37.6167,-73.65,14.25,68,6,7.08,CL,1697659454
119,labytnangi,66.6572,66.4183,-1.0299999999999727,92,22,3.04,RU,1697659464
120,isangel,-19.55,169.2667,24.400000000000034,87,91,1.62,VU,1697660028
121,susuman,62.7833,148.1667,-17.22999999999999,81,100,0.89,RU,1697659453
122,todi,42.7799,12.4046,16.57000000000005,62,81,2.17,IT,1697660029
123,sinabang,2.4803,96.3801,25.650000000000034,86,100,0.99,ID,1697659460
124,lihue,21.9789,-159.3672,27.77000000000004,67,40,4.12,US,1697659457
125,norilsk,69.3535,88.2027,3.57000000000005,96,100,4.45,RU,1697660031
126,tiksi,71.6872,128.8694,-8.560000000000002,97,100,1.6,RU,1697659456
127,terrace,54.5163,-128.6035,11.79000000000002,97,100,0.97,CA,1697659851
128,tazacorte,28.629,-17.9293,23.54000000000002,84,40,1.54,ES,1697659471
129,ilulissat,69.2167,-51.1,-8.989999999999952,79,75,0.0,GL,1697659290
130,geraldton,-28.7667,114.6,14.230000000000018,94,100,4.63,AU,1697659260
131,altai,46.3722,96.2583,-0.13999999999998636,54,0,0.52,MN,1697660034
132,banjarmasin,-3.3244,114.591,26.08000000000004,88,100,1.22,ID,1697659933
133,kuloy,61.0305,42.4925,2.2700000000000387,87,100,4.31,RU,1697660035
134,fortuna,40.5982,-124.1573,17.03000000000003,100,75,3.6,US,1697660035
135,savannah,32.0835,-81.0998,23.900000000000034,48,0,2.06,US,1697659249
136,battipaglia,40.6109,14.9852,21.24000000000001,79,95,0.79,IT,1697660036
137,satana,20.5833,74.2,23.870000000000005,62,35,1.28,IN,1697660037
138,santiago de cao,-7.9589,-79.2392,20.07000000000005,83,20,5.66,PE,1697660037
139,hamada,34.8833,132.0833,15.57000000000005,76,11,3.47,JP,1697660038
140,fale old settlement,-9.3852,-171.2468,28.310000000000002,72,100,3.75,TK,1697659452
141,salalah,17.0151,54.0924,28.05000000000001,78,20,1.54,OM,1697660039
142,cles,46.3667,11.0333,11.200000000000045,100,100,0.29,IT,1697660040
143,amursk,50.2261,136.8994,3.32000000000005,93,74,4.05,RU,1697660040
144,uturoa,-16.7333,-151.4333,26.129999999999995,78,19,4.8,PF,1697659276
145,sassandra,4.95,-6.0833,24.82000000000005,89,52,1.73,CI,1697659859
146,port elizabeth,-33.918,25.5701,18.510000000000048,92,40,2.57,ZA,1697659450
147,nadym,65.5333,72.5167,5.610000000000014,91,100,4.95,RU,1697659485
148,misawa,40.6836,141.3597,17.0,73,100,3.92,JP,1697660043
149,cedeira,43.6797,-8.0209,16.650000000000034,75,95,12.31,ES,1697660044
150,pestretsy,55.7531,49.6545,5.150000000000034,78,25,5.6,RU,1697660044
151,tateyama,34.9833,139.8667,21.170000000000016,63,19,6.81,JP,1697660045
152,orchard homes,46.8633,-114.0484,21.82000000000005,43,0,1.54,US,1697659470
153,gorom-gorom,14.4439,-0.2361,35.460000000000036,20,100,3.69,BF,1697660046
154,ust-nera,64.5667,143.2,-16.549999999999955,91,100,1.79,RU,1697659472
155,rio grande,-32.035,-52.0986,19.060000000000002,65,82,5.77,BR,1697659481
156,whitehorse,60.7161,-135.0538,7.430000000000007,89,100,6.17,CA,1697659452
157,taoudenni,22.6783,-3.9836,34.82000000000005,11,70,2.8,ML,1697660048
158,longyearbyen,78.2186,15.6401,0.910000000000025,75,75,11.32,SJ,1697659450
159,chonchi,-42.6128,-73.8092,18.560000000000002,62,10,0.13,CL,1697659407
160,manicore,-5.8092,-61.3003,35.54000000000002,35,90,0.45,BR,1697660049
161,west island,-12.1568,96.8225,25.99000000000001,83,40,3.6,CC,1697659861
162,nishinoomote,30.7333,131.0,21.370000000000005,62,0,2.05,JP,1697660051
163,petropavlovsk-kamchatsky,53.0452,158.6483,6.360000000000014,88,75,3.0,RU,1697659308
164,nuuk,64.1835,-51.7216,-4.509999999999991,58,100,9.39,GL,1697659212
165,tazovsky,67.4667,78.7,4.350000000000023,93,100,6.24,RU,1697659253
166,emerald,-23.5333,148.1667,16.30000000000001,79,1,3.87,AU,1697659454
167,monte azul paulista,-20.9072,-48.6414,31.590000000000032,41,64,5.46,BR,1697660054
168,san rafael,-34.6177,-68.3301,13.770000000000039,67,83,5.83,AR,1697660050
169,mokhsogollokh,61.4681,128.9203,-4.8700000000000045,87,100,3.91,RU,1697660055
170,bikenibeu village,1.3673,173.1241,23.980000000000018,94,100,4.12,KI,1697660056
171,tamanrasset,22.785,5.5228,24.950000000000045,16,0,2.06,DZ,1697659903
172,bishkek,42.87,74.59,7.110000000000014,38,90,0.88,KG,1697660057
173,nao me toque,-28.4592,-52.8208,14.04000000000002,98,100,5.19,BR,1697660057
174,adam,22.3756,57.5233,27.170000000000016,60,76,4.46,OM,1697660058
175,ambalangoda,6.2355,80.0538,24.189999999999998,93,100,4.08,LK,1697660058
176,sandnessjoen,66.0217,12.6316,2.0600000000000023,64,20,5.14,NO,1697659255
177,mount isa,-20.7333,139.5,22.870000000000005,15,3,4.63,AU,1697660059
178,as sulayyil,20.4607,45.5779,27.140000000000043,19,0,2.94,SA,1697660060
179,mount gambier,-37.8333,140.7667,10.010000000000048,52,13,2.93,AU,1697659290
180,porto novo,6.4965,2.6036,27.900000000000034,83,84,2.69,BJ,1697659474
181,al hilaliyya,14.9398,33.234,32.420000000000016,33,46,2.69,SD,1697660061
182,mumbwa,-14.9783,27.0619,25.400000000000034,49,92,4.31,ZM,1697660062
183,oriximina,-1.7656,-55.8661,33.97000000000003,42,90,1.17,BR,1697660062
184,port alberni,49.2413,-124.8028,12.740000000000009,94,100,0.89,CA,1697659486
185,san isidro,-12.1167,-77.05,21.77000000000004,68,75,5.66,PE,1697660063
186,saint-philippe,-21.3585,55.7679,24.77000000000004,83,88,4.09,RE,1697659910
187,port douglas,-16.4833,145.4667,23.29000000000002,77,92,6.63,AU,1697659476
188,sarmiento,-45.5882,-69.07,25.54000000000002,13,17,5.18,AR,1697660065
189,sianow,54.2265,16.2913,10.54000000000002,90,97,4.06,PL,1697660065
190,tuzlukcu,38.4778,31.6264,12.020000000000039,83,51,1.84,TR,1697660066
191,minas de marcona,-15.2119,-75.1103,19.220000000000027,68,27,6.7,PE,1697659306
192,port shepstone,-30.7414,30.455,19.77000000000004,91,12,1.7,ZA,1697660067
193,salekhard,66.53,66.6019,0.4500000000000455,86,9,5.37,RU,1697660067
194,vila velha,-20.3297,-40.2925,24.970000000000027,73,100,5.14,BR,1697660068
195,corinto,37.9407,22.9573,21.05000000000001,78,100,1.84,GR,1697660068
196,saint-francois,46.4154,3.9054,16.689999999999998,95,75,2.06,FR,1697660069
197,buenaventura,3.8801,-77.0312,28.83000000000004,80,81,2.62,CO,1697660070
198,kenora,49.8167,-94.4337,10.54000000000002,100,100,1.03,CA,1697659470
199,port augusta,-32.5,137.7667,14.480000000000018,29,0,1.27,AU,1697660071
200,kyshtovka,56.555,76.6271,7.970000000000027,70,23,4.02,RU,1697660071
201,berkeley vale,-33.35,151.4333,15.75,67,100,1.22,AU,1697660072
202,katabu,-4.9333,122.5167,23.49000000000001,91,100,1.46,ID,1697660076
203,qaqortoq,60.7167,-46.0333,-1.6899999999999977,62,4,3.0,GL,1697659835
204,portland,45.5234,-122.6762,21.390000000000043,65,20,3.13,US,1697659875
205,woolgoolga,-30.1106,153.2007,15.020000000000039,72,98,3.63,AU,1697660082
206,dwarka,22.2394,68.9678,27.28000000000003,78,2,4.67,IN,1697660082
207,amos,48.5669,-78.1162,10.5,66,100,4.55,CA,1697660083
208,huilong,31.8111,121.655,18.29000000000002,88,1,2.74,CN,1697660086
209,hasaki,35.7333,140.8333,15.220000000000027,74,55,5.55,JP,1697660087
210,n'zeto,-7.2312,12.8666,25.5,85,70,3.48,AO,1697660088
211,dean funes,-30.4204,-64.3498,11.420000000000016,45,100,7.89,AR,1697660088
212,mildura,-34.2,142.15,15.150000000000034,42,1,4.12,AU,1697660089
213,male,4.1748,73.5089,28.970000000000027,79,75,2.57,MV,1697660089
214,hadibu,12.65,54.0333,27.760000000000048,77,15,2.89,YE,1697659864
215,fisterra,42.9049,-9.2629,19.30000000000001,86,2,10.67,ES,1697660090
216,nova vicosa,-17.8919,-39.3719,26.060000000000002,69,3,6.29,BR,1697660091
217,myitkyina,25.3833,97.4,19.980000000000018,77,0,0.87,MM,1697660091
218,luderitz,-26.6481,15.1594,16.310000000000002,77,24,3.28,NA,1697660092
219,hammerfest,70.6634,23.6821,1.25,69,75,4.12,NO,1697660093
220,suoyarvi,62.0833,32.35,0.10000000000002274,87,99,2.54,RU,1697660093
221,dryden,49.7833,-92.7503,11.160000000000025,82,100,0.0,CA,1697660094
222,labrador city,52.9463,-66.9114,7.8700000000000045,58,30,4.28,CA,1697659810
223,petropavlovka,50.6114,105.3196,0.12999999999999545,81,18,1.52,RU,1697660095
224,rasskazovo,52.6714,41.9033,5.3700000000000045,70,100,4.89,RU,1697660095
225,remire-montjoly,4.9167,-52.2667,29.02000000000004,74,75,6.17,GF,1697659823
226,tarawa,1.419,172.984,24.05000000000001,94,100,4.12,KI,1697660096
227,tynda,55.1667,124.7167,-2.8799999999999955,75,100,2.22,RU,1697660097
228,scottburgh,-30.2867,30.7532,19.260000000000048,91,44,1.4,ZA,1697660098
229,udachny,66.4167,112.4,-10.859999999999957,92,59,1.68,RU,1697659834
230,tahla,34.0485,-4.428,20.810000000000002,59,0,3.34,MA,1697660099
231,aioun,16.6614,-9.6149,35.28000000000003,19,2,3.38,MR,1697660099
232,vilyuchinsk,52.9306,158.4028,7.180000000000007,81,99,4.0,RU,1697660100
233,mount pearl,47.5166,-52.7813,8.510000000000048,76,7,1.34,CA,1697660101
234,zhangjiakou,40.81,114.8794,7.960000000000036,35,48,2.67,CN,1697660101
235,beira,-19.8436,34.8389,23.980000000000018,78,89,1.63,MZ,1697659861
236,cabedelo,-6.9811,-34.8339,27.370000000000005,71,24,7.5,BR,1697660028
237,cidreira,-30.1811,-50.2056,17.30000000000001,73,100,4.8,BR,1697660103
238,stanley,54.868,-1.6985,11.550000000000011,86,40,6.69,GB,1697660104
239,kentville,45.0835,-64.4988,13.140000000000043,65,2,1.03,CA,1697660104
240,polyarnyy,69.1989,33.4478,1.8400000000000318,61,100,11.27,RU,1697659832
241,colonia,50.9333,6.95,13.230000000000018,70,100,5.66,DE,1697660107
242,puerto baquerizo moreno,-0.9,-89.6,27.55000000000001,74,75,7.2,EC,1697660108
243,banka,24.8833,86.9167,22.05000000000001,76,0,2.12,IN,1697660109
244,ribeira grande,38.5167,-28.7,22.220000000000027,94,75,10.8,PT,1697660110
245,ciudad bolivar,8.1222,-63.5497,35.450000000000045,38,80,2.39,VE,1697659811
246,novaya igirma,57.1334,103.9112,-1.2699999999999818,94,76,1.75,RU,1697660111
247,pahrump,36.2083,-115.9839,31.29000000000002,14,0,1.34,US,1697659852
248,atafu village,-8.5421,-172.5159,28.460000000000036,72,54,3.76,TK,1697659836
249,angaur state,6.906,134.13,28.24000000000001,74,41,1.28,PW,1697660112
250,tarakan,3.3,117.6333,26.640000000000043,81,90,1.33,ID,1697660044
251,buka,40.8108,69.1986,17.5,46,100,2.12,UZ,1697660113
252,hamilton,39.1834,-84.5333,19.58000000000004,56,0,6.17,US,1697659979
253,acarau,-2.8856,-40.12,27.430000000000007,67,4,7.27,BR,1697660114
254,nabire,-3.3667,135.4833,24.07000000000005,89,92,1.33,ID,1697660115
255,antonio enes,-16.2325,39.9086,25.5,84,35,2.75,MZ,1697660115
256,east london,-33.0153,27.9116,19.49000000000001,84,96,6.71,ZA,1697659841
257,pacasmayo,-7.4006,-79.5714,22.25,74,35,7.53,PE,1697660116
258,belyy yar,53.6039,91.3903,0.9399999999999977,100,75,0.0,RU,1697660117
259,yuzhno-kurilsk,44.0306,145.8556,14.100000000000023,58,99,6.22,RU,1697660117
260,akureyri,65.6835,-18.0878,7.960000000000036,61,20,2.57,IS,1697660118
261,shiloh,38.5614,-89.8973,23.879999999999995,37,40,5.66,US,1697660118
262,floro,61.5996,5.0328,6.0400000000000205,75,100,3.6,NO,1697660119
263,praia da vitoria,38.7333,-27.0667,23.140000000000043,88,75,9.92,PT,1697660119
264,punta arenas,-53.15,-70.9167,15.060000000000002,47,0,9.26,CL,1697660120
265,quellon,-43.1167,-73.6167,13.670000000000016,72,48,2.18,CL,1697660120
266,pangobilian,8.8011,117.8594,26.25,85,95,1.5,PH,1697660121
267,mata-utu,-13.2816,-176.1745,27.05000000000001,79,100,10.94,WF,1697660122
268,sarankhola,22.3082,89.7897,23.08000000000004,83,5,1.91,BD,1697660122
269,hotan,37.0997,79.9269,10.230000000000018,21,76,2.11,CN,1697660123
270,okhotsk,59.3833,143.3,-4.3700000000000045,62,100,3.22,RU,1697660123
271,graaff-reinet,-32.2522,24.5308,15.510000000000048,78,75,4.22,ZA,1697660124
272,bahir dar,11.5936,37.3908,16.99000000000001,84,88,1.48,ET,1697660125
273,balkanabat,39.5108,54.3671,19.04000000000002,41,28,3.04,TM,1697660126
274,lorengau,-2.0226,147.2712,26.410000000000025,79,78,0.93,PG,1697660126
275,taro,-8.3862,115.28,22.0,92,99,0.3,ID,1697659887
276,inhambane,-23.865,35.3833,20.970000000000027,90,0,3.18,MZ,1697660127
277,keflavik,64.0049,-22.5624,10.240000000000009,76,100,16.46,IS,1697660128
278,yanchep,-31.55,115.6833,16.08000000000004,86,51,2.1,AU,1697660129
279,axim,4.8699,-2.2405,25.510000000000048,89,60,2.74,GH,1697659865
280,qamdo,31.1667,97.2333,-4.5499999999999545,86,20,2.8,CN,1697660130
281,hartford city,40.4511,-85.37,18.450000000000045,60,100,6.36,US,1697660130
282,severo-yeniseyskiy,60.3725,93.0408,4.210000000000036,98,100,2.24,RU,1697660131
283,broken hill,-31.95,141.4333,16.180000000000007,36,0,3.13,AU,1697660131
284,new norfolk,-42.7826,147.0587,9.28000000000003,77,95,1.21,AU,1697659876
285,magadan,59.5667,150.8,-2.319999999999993,75,9,4.92,RU,1697660133
286,cayambe,0.05,-78.1333,22.590000000000032,59,94,3.3,EC,1697660133
287,alice springs,-23.7,133.8833,9.75,29,0,2.57,AU,1697659848
288,saint dennis,38.1884,-85.8458,21.060000000000002,52,75,6.17,US,1697660134
289,yarmouth,41.7057,-70.2286,16.120000000000005,81,100,3.09,US,1697660135
290,qarah zia' od din,38.8915,45.0255,11.480000000000018,65,72,0.39,IR,1697660135
291,ghat,24.9647,10.1728,29.390000000000043,20,89,2.72,LY,1697660136
292,hami,42.8,93.45,9.840000000000032,36,0,1.36,CN,1697660136
293,damghan,36.1683,54.348,16.74000000000001,47,0,1.39,IR,1697660137
294,manay,7.215,126.5397,25.04000000000002,84,66,1.5,PH,1697660137
295,kimbo,10.4,-13.55,25.27000000000004,92,83,0.66,GN,1697660138
296,nanzhang chengguanzhen,31.7839,111.8275,17.150000000000034,82,100,3.59,CN,1697660138
297,afaahiti,-17.75,-149.2833,23.930000000000007,85,92,8.22,PF,1697660139
298,happy valley-goose bay,53.3168,-60.3315,8.170000000000016,61,75,5.14,CA,1697660140
299,boguchany,58.3814,97.4531,2.140000000000043,79,98,1.34,RU,1697660140
300,mejit,10.2753,170.8646,28.379999999999995,77,44,7.26,MH,1697660141
301,posto fiscal rolim de moura,-13.0833,-62.2667,36.879999999999995,30,94,0.91,BR,1697660141
302,wewak,-3.5534,143.6268,25.650000000000034,86,72,0.81,PG,1697660142
303,gurupi,-11.7292,-49.0686,39.31,11,7,3.24,BR,1697660143
304,wuwei,37.9281,102.6414,4.680000000000007,60,24,1.66,CN,1697660143
305,rehoboth,-23.3167,17.0833,22.140000000000043,13,0,0.46,NA,1697660144
306,gadzhiyevo,69.2551,33.3362,1.7300000000000182,60,100,11.54,RU,1697660145
307,la passe,45.5549,-0.8967,17.77000000000004,85,63,3.12,FR,1697659890
308,viedma,-40.8135,-62.9967,26.30000000000001,15,39,7.71,AR,1697660146
309,rongelap,11.1635,166.8941,26.52000000000004,85,100,9.71,MH,1697660146
310,caconda,-13.7333,15.0667,20.58000000000004,57,0,4.21,AO,1697660147
311,ancud,-41.8697,-73.8203,12.100000000000023,77,6,4.8,CL,1697660147
312,forster,-32.1667,152.5167,14.050000000000011,93,100,0.43,AU,1697660118
313,ceske budejovice,48.9745,14.4743,6.720000000000027,81,98,1.34,CZ,1697660148
314,al hazm,16.1641,44.7769,24.510000000000048,24,0,0.61,YE,1697660149
315,dunedin,-45.8742,170.5036,12.110000000000014,75,60,0.89,NZ,1697660149
316,nova sintra,14.8667,-24.7167,24.879999999999995,71,0,5.81,CV,1697660150
317,gejiu,23.306,103.1635,11.550000000000011,95,93,0.66,CN,1697660150
318,waingapu,-9.6567,120.2641,24.83000000000004,79,93,2.61,ID,1697660151
319,bodaybo,57.8506,114.1933,1.3799999999999955,87,100,2.68,RU,1697660152
320,nuku'alofa,-21.1333,-175.2,22.24000000000001,62,82,8.21,TO,1697660152
321,el calafate,-50.3408,-72.2768,11.710000000000036,58,38,3.21,AR,1697659853
322,san patricio,28.017,-97.5169,29.370000000000005,38,3,5.18,US,1697659899
323,lerwick,60.1545,-1.1494,10.0,87,52,10.41,GB,1697660153
324,xilin hot,43.9667,116.0333,1.1800000000000068,55,9,4.19,CN,1697660154
325,tofol,5.3248,163.0078,28.060000000000002,75,100,4.7,FM,1697659873
326,ndjole,-0.1783,10.7649,22.860000000000014,99,100,0.34,GA,1697660155
327,shache,38.4167,77.2406,11.800000000000011,23,17,2.91,CN,1697660155
328,balakhta,55.38,91.6,4.82000000000005,92,6,1.77,RU,1697659876
329,ballina,-28.8667,153.5667,14.32000000000005,70,94,4.23,AU,1697660156
330,pago pago,-14.2781,-170.7025,26.55000000000001,74,100,8.23,AS,1697660157
331,chadron,42.8294,-102.9999,17.860000000000014,36,0,12.35,US,1697660157
332,sao joao da barra,-21.6403,-41.0511,24.05000000000001,79,90,7.61,BR,1697659878
333,vila do maio,15.1333,-23.2167,27.439999999999998,73,12,4.57,CV,1697660158
334,chipata,-13.6333,32.65,23.33000000000004,65,100,0.11,ZM,1697660159
335,elko,41.0002,-115.5012,22.310000000000002,29,0,2.24,US,1697660159
336,reuleuet,5.2167,96.2833,26.04000000000002,83,100,1.27,ID,1697660160
337,tual,-5.6667,132.75,26.680000000000007,76,13,4.05,ID,1697660160
338,kingscliff,-28.2667,153.5667,18.200000000000045,72,100,4.63,AU,1697660161
339,popondetta,-8.7537,148.2534,22.860000000000014,97,77,1.19,PG,1697660161
340,carire,-3.9506,-40.4733,35.97000000000003,25,18,1.43,BR,1697660046
341,crane,31.3974,-102.3501,31.370000000000005,18,5,2.01,US,1697660163
342,shingu,33.7333,135.9833,18.210000000000036,75,100,1.34,JP,1697660163
343,beacon square,28.2086,-82.7554,27.77000000000004,54,0,2.24,US,1697660164
344,kone,-21.0595,164.8658,20.400000000000034,68,2,2.19,NC,1697660164
345,pratt,37.6439,-98.7376,21.53000000000003,34,0,5.14,US,1697660165
346,brookings,44.3114,-96.7984,12.189999999999998,76,100,5.14,US,1697660166
347,oyem,1.5995,11.5793,19.28000000000003,99,78,0.82,GA,1697660122
348,kenai,60.5544,-151.2583,6.75,78,0,2.57,US,1697660167
349,al burayqah,30.4062,19.5739,25.08000000000004,42,0,3.47,LY,1697660167
350,camingawan,9.9036,122.8417,24.57000000000005,91,100,1.02,PH,1697660168
351,qaisumah,28.3112,46.1273,26.980000000000018,29,20,7.2,SA,1697660169
352,sitka,57.0531,-135.33,12.939999999999998,88,100,3.6,US,1697659891
353,saint-pierre,-21.3393,55.4781,24.82000000000005,83,75,2.06,RE,1697660170
354,lospalos,-8.5186,127.0025,20.230000000000018,89,51,0.86,TL,1697660170
355,ponta delgada,37.7333,-25.6667,23.99000000000001,94,40,7.2,PT,1697660171
356,sao jose da coroa grande,-8.8978,-35.1478,24.970000000000027,74,79,4.91,BR,1697660171
357,tsiombe,-25.3,45.4833,21.890000000000043,92,100,1.78,MG,1697660172
358,kununurra,-15.7667,128.7333,16.99000000000001,77,0,0.0,AU,1697660172
359,kaya,13.0917,-1.0844,33.08000000000004,27,92,1.28,BF,1697660173
360,las veredas,23.1388,-109.7075,34.420000000000016,52,40,3.6,MX,1697660173
361,korets,50.6165,27.1605,3.990000000000009,71,6,3.19,UA,1697660174
362,bani mazar,28.5036,30.8004,24.55000000000001,44,0,6.77,EG,1697660175
363,clorinda,-25.2848,-57.7185,32.09000000000003,31,58,3.18,AR,1697660175
364,cartagena,10.3997,-75.5144,32.79000000000002,66,20,3.6,CO,1697660010
365,usogorsk,63.4106,48.6872,3.150000000000034,87,100,3.96,RU,1697660176
366,camayenne,9.535,-13.6878,27.33000000000004,78,81,2.98,GN,1697660177
367,loikaw,19.6742,97.2094,18.260000000000048,95,17,1.43,MM,1697660178
368,zeya,53.75,127.2667,1.9399999999999977,70,100,5.11,RU,1697660178
369,karratha,-20.7377,116.8463,26.27000000000004,45,0,4.38,AU,1697659968
370,abu dhabi,24.4667,54.3667,31.640000000000043,64,0,3.09,AE,1697659728
371,haiku-pauwela,20.9219,-156.3051,28.010000000000048,61,40,8.23,US,1697660180
372,newman,37.3138,-121.0208,30.689999999999998,41,0,1.34,US,1697660180
373,baharly,38.4362,57.4316,18.83000000000004,62,0,3.45,TM,1697660181
374,az zuwaytinah,30.9522,20.1202,24.52000000000004,44,0,1.63,LY,1697660181
375,ebon,4.582,168.6964,27.29000000000002,81,100,10.46,MH,1697660182
376,cootamundra,-34.65,148.0333,11.080000000000041,83,0,2.64,AU,1697660183
377,serra,-20.1286,-40.3078,24.700000000000045,73,100,5.14,BR,1697660183
378,hola prystan',46.5206,32.5258,8.879999999999995,61,4,3.13,UA,1697660184
379,tver,56.8619,35.8931,6.170000000000016,97,100,2.25,RU,1697659960
380,ashgabat,37.95,58.3833,15.920000000000016,72,0,3.09,TM,1697660185
381,fort mcmurray,56.7268,-111.381,10.770000000000039,93,100,3.09,CA,1697659898
382,trzebiatow,54.0615,15.2648,10.480000000000018,79,99,4.73,PL,1697660186
383,ola,59.5833,151.2833,-1.9899999999999523,45,5,3.41,RU,1697660186
384,kapa'a,22.0752,-159.319,29.180000000000007,66,75,4.63,US,1697660187
385,benghazi,32.1167,20.0667,24.720000000000027,50,14,3.17,LY,1697660026
386,carutapera,-1.195,-46.02,26.100000000000023,86,43,4.21,BR,1697660188
387,san pedro pochutla,15.7333,-96.4667,29.840000000000032,55,78,2.82,MX,1697660188
388,coahuayana de hidalgo,18.7,-103.6583,23.930000000000007,96,100,1.46,MX,1697660189
389,kingston,17.997,-76.7936,31.53000000000003,77,40,7.72,JM,1697660162
390,irece,-11.3042,-41.8558,30.840000000000032,19,99,5.47,BR,1697660190
391,corn island,12.1694,-83.0418,28.870000000000005,76,89,8.11,NI,1697660190
392,tommot,58.9564,126.2925,-6.0,97,100,1.36,RU,1697660191
393,north battleford,52.7834,-108.2847,15.050000000000011,55,0,6.17,CA,1697659948
394,byron bay,-28.65,153.6167,14.28000000000003,71,80,4.56,AU,1697660192
395,coxim,-18.5067,-54.76,39.700000000000045,19,94,3.35,BR,1697660192
396,tobelo,1.7284,128.0095,26.060000000000002,82,70,2.07,ID,1697660193
397,anori,-3.7728,-61.6442,34.43000000000001,40,57,0.51,BR,1697660194
398,de aar,-30.6497,24.0123,22.850000000000023,22,5,0.33,ZA,1697660194
399,shovot,41.6607,60.2924,10.930000000000007,30,97,3.5,UZ,1697660195
400,kiunga,-6.1219,141.2906,21.810000000000002,99,32,0.95,PG,1697660195
401,gorontalo,0.5412,123.0595,23.379999999999995,96,67,1.07,ID,1697660196
402,contai,21.7786,87.7536,23.430000000000007,80,4,2.75,IN,1697660196
403,taksimo,56.3444,114.8794,-1.2699999999999818,69,68,2.24,RU,1697660197
404,newnham,-41.3833,147.1333,6.53000000000003,87,57,1.54,AU,1697660198
405,campoverde,-8.4753,-74.8058,34.83000000000004,46,97,2.4,PE,1697660198
406,coquimbo,-29.9533,-71.3436,17.850000000000023,51,0,7.2,CL,1697660075
407,caleta de carquin,-11.0925,-77.6267,21.870000000000005,78,52,5.1,PE,1697660200
408,mareeba,-17.0,145.4333,20.400000000000034,86,55,1.3,AU,1697660200
409,mugia,43.1041,-9.2179,18.980000000000018,86,11,10.65,ES,1697660201
410,shalkar,47.8288,59.6258,7.75,47,100,2.77,KZ,1697660202
411,metlili chaamba,32.2667,3.6333,27.52000000000004,16,0,2.06,DZ,1697660202
412,waat,51.1454,6.4958,13.840000000000032,79,100,4.63,DE,1697660202
413,lagoa,39.05,-27.9833,20.970000000000027,92,80,14.14,PT,1697660203
414,gardnerville ranchos,38.8882,-119.7413,24.58000000000004,22,0,4.02,US,1697660204
415,chillicothe,39.3331,-82.9824,17.360000000000014,49,0,4.92,US,1697660148
416,tindouf,27.6711,-8.1474,31.25,16,0,1.03,DZ,1697660205
417,xam nua,20.4197,104.0439,17.100000000000023,87,98,0.87,LA,1697660205
418,semporna,4.4818,118.6112,26.100000000000023,85,100,1.34,MY,1697660206
419,san antonio de pale,-1.4014,5.6325,26.03000000000003,81,99,2.3,GQ,1697660206
420,ujae,8.9322,165.7642,27.99000000000001,73,58,1.95,MH,1697659998
421,road town,18.4167,-64.6167,31.05000000000001,70,40,3.09,VG,1697659945
422,esikhaleni,-28.871,31.8996,19.52000000000004,92,1,2.77,ZA,1697660208
423,guacamayas,18.0167,-102.2167,23.83000000000004,95,100,1.28,MX,1697660208
424,kidal,18.4411,1.4078,32.53000000000003,13,11,3.56,ML,1697660209
425,saint-paul,-21.0096,55.2707,25.060000000000002,98,76,1.06,RE,1697660210
426,pangkalanbuun,-2.6833,111.6167,23.83000000000004,96,98,0.42,ID,1697660211
427,puerto santa,-8.9906,-78.6456,21.410000000000025,79,16,5.28,PE,1697660211
428,whakatane,-37.9585,176.9854,17.710000000000036,81,64,0.63,NZ,1697660212
429,karliova,39.2983,41.0142,6.8799999999999955,94,100,1.83,TR,1697660212
430,ust-tsilma,65.441,52.1498,3.1200000000000045,89,100,2.68,RU,1697660213
431,rhyl,53.3196,-3.4886,14.360000000000014,3,100,7.62,GB,1697660213
432,saint-louis,16.3333,-15.0,35.85000000000002,29,7,2.02,SN,1697660214
433,calvinia,-31.4707,19.776,22.060000000000002,28,0,2.25,ZA,1697660214
434,moussoro,13.6408,16.4901,32.97000000000003,15,74,4.88,TD,1697660215
435,sparta,43.9441,-90.8129,17.870000000000005,59,100,7.2,US,1697659976
436,figeac,44.75,1.9167,15.210000000000036,97,88,1.57,FR,1697660216
437,an nuhud,12.7,28.4333,29.210000000000036,18,93,4.31,SD,1697660217
438,al jawf,29.5,38.75,21.28000000000003,32,0,3.44,SA,1697660217
439,revda,56.801,59.9303,2.410000000000025,78,90,6.49,RU,1697660218
440,tralee,52.2704,-9.7026,13.220000000000027,97,87,1.33,IE,1697660218
441,mili,6.0815,171.735,28.08000000000004,73,87,4.61,MH,1697660124
442,murzuq,25.9155,13.9184,25.650000000000034,19,7,3.54,LY,1697660219
443,port isabel,26.0734,-97.2086,29.480000000000018,54,0,6.69,US,1697660220
444,shengli,37.4564,118.4856,17.360000000000014,42,100,1.97,CN,1697660222
445,parauapebas,-6.0675,-49.9022,32.99000000000001,51,20,0.0,BR,1697660222
446,saint augustine beach,29.8505,-81.2654,25.010000000000048,60,1,5.14,US,1697660223
447,sabang,5.8933,95.3214,27.360000000000014,76,100,0.33,ID,1697660223
448,talakan,50.3167,130.3667,1.7300000000000182,90,70,2.55,RU,1697660224
449,amga,60.8953,131.9608,-3.339999999999975,52,100,3.13,RU,1697660224
450,kasumkent,41.6773,48.146,9.600000000000023,87,100,0.35,RU,1697660225
451,nanfeng,23.7434,111.7959,22.160000000000025,95,100,0.95,CN,1697660225
452,estevan,49.1334,-102.9842,12.110000000000014,76,100,3.6,CA,1697660181
453,richfield,44.8833,-93.283,15.82000000000005,80,100,3.6,US,1697660150
454,saudarkrokur,65.7461,-19.6394,3.4399999999999977,84,100,2.87,IS,1697660227
455,puerto cabezas,14.0351,-83.3888,27.980000000000018,89,40,3.09,NI,1697660228
456,katsuren-haebaru,26.3369,127.8719,23.430000000000007,68,20,0.0,JP,1697660228
457,kujang-up,39.8672,126.0303,9.79000000000002,94,95,1.42,KP,1697660229
458,grand falls-windsor,48.9332,-55.6649,8.610000000000014,72,89,4.21,CA,1697660229
459,suva,-18.1416,178.4415,25.710000000000036,73,40,4.63,FJ,1697660230
460,queenstown,-31.8976,26.8753,15.020000000000039,76,100,2.28,ZA,1697660230
461,gedo,9.0167,37.45,11.710000000000036,75,67,1.41,ET,1697660231
462,nefta,33.8731,7.8777,30.140000000000043,17,2,2.62,TN,1697660231
463,andergrove,-21.0833,149.1833,20.360000000000014,69,100,6.32,AU,1697660233
464,lincoln city,44.9582,-124.0179,23.870000000000005,70,25,1.36,US,1697660150
465,kedougou,12.5579,-12.1743,28.460000000000036,63,96,0.83,SN,1697660234
466,nouadhibou,20.931,-17.0347,23.99000000000001,78,2,7.72,MR,1697660234
467,harriman,35.934,-84.5524,21.379999999999995,47,28,2.25,US,1697660235
468,rio tuba,8.5061,117.4317,26.480000000000018,82,100,1.69,PH,1697660235
469,bel ombre,-4.6167,55.4167,26.910000000000025,89,40,3.6,SC,1697660236
470,kasempa,-13.4584,25.8338,23.610000000000014,48,100,2.24,ZM,1697660236
471,regina,50.4501,-104.6178,13.990000000000009,65,75,2.68,CA,1697660159
472,ha'il,27.5219,41.6907,27.010000000000048,16,0,2.06,SA,1697660238
473,neryungri,56.6709,124.6491,-5.419999999999959,90,99,4.67,RU,1697660238
474,malanje,-9.5402,16.341,18.189999999999998,93,92,1.4,AO,1697660239
475,swift current,50.2834,-107.8014,14.450000000000045,44,0,5.14,CA,1697660006
476,cole harbour,44.6724,-63.4751,12.210000000000036,76,75,3.6,CA,1697660240
477,haikou,20.0458,110.3417,25.07000000000005,100,75,3.0,CN,1697660241
478,francistown,-21.17,27.5079,21.57000000000005,43,0,5.35,BW,1697660241
479,mao,39.8885,4.2658,23.310000000000002,88,20,6.69,ES,1697660242
480,tadine,-21.55,167.8833,21.05000000000001,72,6,7.08,NC,1697660243
481,harstad,68.799,16.5293,0.34000000000003183,96,49,1.34,NO,1697660244
482,altay,47.8667,88.1167,7.1299999999999955,49,0,3.01,CN,1697660244
483,caluula,11.9661,50.7569,27.970000000000027,69,0,6.42,SO,1697660245
484,peniche,39.3558,-9.3811,21.83000000000004,89,98,12.41,PT,1697660245
485,bozdar wada,27.1828,68.636,26.27000000000004,51,75,1.79,PK,1697660246
486,gizo,-8.103,156.8419,27.390000000000043,80,100,2.6,SB,1697660247
487,chui,-33.6971,-53.4616,15.120000000000005,65,53,4.57,UY,1697660247
488,penzance,50.1186,-5.5371,14.379999999999995,92,80,6.68,GB,1697660248
489,i-n-salah,27.1935,2.4607,29.49000000000001,13,9,4.0,DZ,1697660251
490,jinka,5.65,36.65,18.29000000000002,91,97,1.49,ET,1697660251
491,kirakira,-10.4544,161.9205,26.900000000000034,81,74,3.52,SB,1697660252
492,puerto penasco,31.3167,-113.5333,31.52000000000004,36,8,3.66,MX,1697660252
493,beli,7.8587,10.9719,25.910000000000025,80,91,2.03,NG,1697660253
494,yerofey pavlovich,53.9667,121.9667,-2.7099999999999795,66,66,2.41,RU,1697660255
495,flying fish cove,-10.4217,105.6791,25.82000000000005,83,40,4.63,CX,1697660256
496,kayes,14.0,-11.0,31.510000000000048,40,97,1.72,ML,1697660256
497,bataipora,-22.2953,-53.2711,28.410000000000025,58,95,3.61,BR,1697660257
498,miguel ahumada,30.6167,-106.5167,29.900000000000034,20,0,4.76,MX,1697660257
499,karaton,-6.3424,106.1045,23.58000000000004,83,58,0.4,ID,1697660258
500,daru,-9.0763,143.2092,25.010000000000048,89,100,5.95,PG,1697660259
501,sungai raya,0.7,108.9,25.720000000000027,86,97,2.48,ID,1697660259
502,illizi,26.4833,8.4667,27.890000000000043,14,97,1.96,DZ,1697660260
503,pangkalpinang,-2.1333,106.1333,26.670000000000016,81,100,1.6,ID,1697660261
504,bavly,54.393,53.2602,4.490000000000009,71,71,5.69,RU,1697660262
505,sisimiut,66.9395,-53.6735,-4.639999999999986,82,100,6.68,GL,1697660262
506,roma,43.2128,-75.4557,14.970000000000027,58,100,3.09,US,1697660263
507,port macquarie,-31.4333,152.9167,14.939999999999998,66,100,0.96,AU,1697659967
508,liberal,37.0431,-100.921,23.58000000000004,25,0,7.2,US,1697660264
509,gustavia,17.8962,-62.8498,30.07000000000005,73,64,4.02,BL,1697659688
510,goba,7.0167,39.9833,10.53000000000003,87,90,2.15,ET,1697660178
511,sayat,38.7839,63.8803,12.930000000000007,53,0,0.81,TM,1697660265
512,raja,8.4596,25.678,25.58000000000004,68,96,1.52,SS,1697660266
513,baukau,51.5526,7.2042,13.920000000000016,65,100,1.79,DE,1697660266
514,lucapa,-8.4192,20.7447,21.480000000000018,71,51,1.4,AO,1697660267
515,flin flon,54.7682,-101.865,8.910000000000025,66,75,3.09,CA,1697660268
516,oral,51.2333,51.3667,-1.009999999999991,86,0,4.0,KZ,1697660268
517,lycksele,64.5954,18.6735,-3.6499999999999773,80,13,2.57,SE,1697660269
518,machico,32.7,-16.7667,24.28000000000003,77,20,2.24,PT,1697660269
519,maragogi,-9.0122,-35.2225,24.78000000000003,75,83,5.0,BR,1697660270
520,ploneour-lanvern,47.9,-4.2833,16.180000000000007,100,100,4.12,FR,1697660270
521,tonghae,37.5439,129.1069,15.310000000000002,67,100,3.7,KR,1697659984
522,taltal,-25.4,-70.4833,19.850000000000023,60,20,2.76,CL,1697660271
523,dunda,-8.1167,34.25,24.600000000000023,45,71,1.26,TZ,1697660272
524,castillos,-34.1667,-53.8333,14.480000000000018,67,47,4.31,UY,1697660273
525,xinyuan,37.3,99.0,-8.079999999999984,59,0,2.57,CN,1697660273
526,huarmey,-10.0681,-78.1522,22.870000000000005,75,46,5.39,PE,1697660274
527,campina verde,-19.5356,-49.4864,34.78000000000003,29,89,5.73,BR,1697660274
528,kamina,-8.7386,24.9906,19.29000000000002,93,67,0.91,CD,1697660275
529,kristiansund,63.1115,7.732,5.360000000000014,65,0,9.26,NO,1697660275
530,fang,19.9169,99.2145,21.129999999999995,95,35,0.66,TH,1697660276
531,guerrero negro,27.9769,-114.0611,27.210000000000036,42,56,6.04,MX,1697660276
532,naliya,23.2667,68.8333,27.33000000000004,69,0,3.63,IN,1697660277
533,guarapari,-20.6667,-40.4975,24.010000000000048,83,46,2.65,BR,1697660070
534,mamadysh,55.7152,51.408,3.6000000000000227,77,95,6.54,RU,1697660278
535,khorixas,-20.3667,14.9667,19.879999999999995,39,0,3.64,NA,1697660279
536,san andres,12.5847,-81.7006,30.010000000000048,79,20,3.6,CO,1697660123
537,barra de santo antonio,-9.4047,-35.5072,26.600000000000023,73,31,4.42,BR,1697660280
538,swan hill,-35.3378,143.5544,10.730000000000018,66,0,3.36,AU,1697660280
539,luanda,-8.8368,13.2343,25.0,88,75,4.63,AO,1697660079
540,vylkove,45.4021,29.586,11.04000000000002,71,5,4.21,UA,1697660281
541,tarinkot,32.6268,65.8733,16.24000000000001,33,0,1.15,AF,1697660282
542,at taj,24.2049,23.2857,21.82000000000005,24,5,3.25,LY,1697660282
543,smithers,54.7804,-127.1743,15.180000000000007,63,40,4.63,CA,1697660283
544,buncrana,55.1333,-7.45,13.870000000000005,83,100,9.77,IE,1697660283
545,fonte boa,-2.4959,-66.2662,24.950000000000045,89,97,3.51,BR,1697660284
546,bubaque,11.2833,-15.8333,28.04000000000002,78,100,3.77,GW,1697660285
547,minab,27.1467,57.0801,28.180000000000007,78,0,1.54,IR,1697660285
548,zaozhuang,34.8647,117.5542,16.439999999999998,86,100,3.94,CN,1697660286
549,ouadda,8.0777,22.4007,22.689999999999998,60,100,1.42,CF,1697660286
550,vernon,50.2581,-119.2691,17.200000000000045,69,100,2.06,CA,1697660287
551,chulakkurgan,43.765,69.1814,14.680000000000007,36,98,0.31,KZ,1697660287
552,holualoa,19.6228,-155.9522,27.100000000000023,73,40,4.12,US,1697660288
553,askiz,53.1319,90.5264,6.180000000000007,96,37,0.62,RU,1697660289
554,urzhar,47.093,81.6294,10.710000000000036,36,0,1.7,KZ,1697660289
555,lata,40.1629,-8.3327,17.82000000000005,89,95,5.78,PT,1697660290
556,mongar,27.2747,91.2396,9.490000000000009,95,3,2.61,BT,1697660290
557,laguna,38.421,-121.4238,31.120000000000005,44,0,3.09,US,1697660291
558,calamba,14.2117,121.1653,26.970000000000027,90,45,2.6,PH,1697660291
559,kirensk,57.7853,108.1119,0.57000000000005,95,100,0.89,RU,1697660292
560,el jadid,33.2549,-8.506,21.910000000000025,85,100,4.2,MA,1697660293
561,dera bugti,29.0307,69.151,22.400000000000034,51,83,1.13,PK,1697660293
562,madiun,-7.6298,111.5239,24.689999999999998,78,35,2.65,ID,1697660294
563,zhuanghe,39.7008,122.9911,12.100000000000023,69,100,2.98,CN,1697660294
564,tukrah,32.5341,20.5791,23.890000000000043,49,13,3.59,LY,1697660295
565,laojunmiao,39.8333,97.7333,2.7600000000000477,32,0,2.86,CN,1697660295
566,seria,4.6167,114.3167,24.120000000000005,87,94,3.22,BN,1697660296
567,la ronge,55.1001,-105.2842,8.140000000000043,81,75,4.12,CA,1697660297
568,turpan,42.9333,89.1667,13.200000000000045,28,0,1.14,CN,1697660297
569,pandan,14.0453,124.1694,26.55000000000001,88,89,2.79,PH,1697660298
570,tacna,-18.0056,-70.2483,20.110000000000014,60,0,5.14,PE,1697660298
571,nar'yan-mar,67.6713,53.087,1.170000000000016,89,100,4.02,RU,1697660299
